Source,word,n,cumulative_freq,cumulative_pct
DeepSeek-R1,emotional,125845,125845,2.463247995411933
DeepSeek-R1,player,114896,240741,4.712183921995027
DeepSeek-R1,sensitivity,113281,354022,6.929508378018381
DeepSeek-R1,justice,102976,456998,8.945126206104831
DeepSeek-R1,high,101977,558975,10.941189941875999
DeepSeek-R1,choice,92948,651923,12.760523047502351
DeepSeek-R1,prosocial,90202,742125,14.526106866344158
DeepSeek-R1,fairness,76595,818720,16.025351812178933
DeepSeek-R1,arousal,72857,891577,17.451430394575745
DeepSeek-R1,low,70018,961595,18.82193933925176
DeepSeek-R1,cost,62723,1024318,20.049658390594463
DeepSeek-R1,punishing,55650,1079968,21.1389329024517
DeepSeek-R1,seeing,48925,1128893,22.096574510584947
DeepSeek-R1,valence,48573,1177466,23.047326188292793
DeepSeek-R1,choices,48032,1225498,23.987488512704775
DeepSeek-R1,reactivity,47874,1273372,24.92455819789172
DeepSeek-R1,intensity,47442,1320814,25.853172059374756
DeepSeek-R1,unfairness,46051,1366865,26.754558951477858
DeepSeek-R1,punish,46016,1412881,27.655260765271617
DeepSeek-R1,feels,45133,1458014,28.538679032003923
DeepSeek-R1,depression,44142,1502156,29.402699795748795
DeepSeek-R1,score,41027,1543183,30.205748589962038
DeepSeek-R1,punishment,37944,1581127,30.94845177195505
DeepSeek-R1,injustice,37896,1619023,31.690215417980955
DeepSeek-R1,post,37362,1656385,32.421526726372875
DeepSeek-R1,unfair,36338,1692723,33.132794600799976
DeepSeek-R1,frustration,34576,1727299,33.80957367576809
DeepSeek-R1,strong,33994,1761293,34.47496087713512
DeepSeek-R1,satisfaction,33505,1794798,35.13077655583731
DeepSeek-R1,social,31555,1826353,35.74842358587603
DeepSeek-R1,despite,31519,1857872,36.36536596393943
DeepSeek-R1,negative,31054,1888926,36.97320658732155
DeepSeek-R1,initial,30258,1919184,37.56546657258258
DeepSeek-R1,though,29592,1948776,38.144690496300086
DeepSeek-R1,keep,27628,1976404,38.685471740030394
DeepSeek-R1,autism,27519,2003923,39.22411945416875
DeepSeek-R1,fair,27472,2031395,39.76184720600598
DeepSeek-R1,routine,26974,2058369,40.289827272184546
DeepSeek-R1,action,26726,2085095,40.81295306919976
DeepSeek-R1,anger,25937,2111032,41.32063524375575
DeepSeek-R1,aligns,25910,2136942,41.827788929330254
DeepSeek-R1,giving,25883,2162825,42.33441412592327
DeepSeek-R1,triggers,25768,2188593,42.83878835092843
DeepSeek-R1,residual,24508,2213101,43.3184997567972
DeepSeek-R1,mild,23304,2236405,43.77464446882453
DeepSeek-R1,positive,23158,2259563,44.2279314256186
DeepSeek-R1,note,22453,2282016,44.66741894789588
DeepSeek-R1,due,22065,2304081,45.09931188777243
DeepSeek-R1,scores,21105,2325186,45.51241410830696
DeepSeek-R1,societal,20512,2345698,45.91390914491462
DeepSeek-R1,relief,20479,2366177,46.31475825054488
DeepSeek-R1,average,20436,2386613,46.71476568853796
DeepSeek-R1,tension,20140,2406753,47.108979321400575
DeepSeek-R1,enforcing,19224,2425977,47.48526347622436
DeepSeek-R1,intense,19087,2445064,47.858866038808706
DeepSeek-R1,values,18907,2463971,48.228945341516436
DeepSeek-R1,slightly,18723,2482694,48.59542308968361
DeepSeek-R1,duration,18476,2501170,48.9570661423534
DeepSeek-R1,amplifies,18396,2519566,49.3171433017447
DeepSeek-R1,subscore,18249,2537815,49.67434313223676
DeepSeek-R1,orientation,17644,2555459,50.019700894810136
DeepSeek-R1,agitation,17304,2572763,50.3584036109499
DeepSeek-R1,extreme,17300,2590063,50.69702803242574
DeepSeek-R1,personality,17114,2607177,51.032011752029064
DeepSeek-R1,decision,16973,2624150,51.36423558472901
DeepSeek-R1,makes,16161,2640311,51.680565600652194
DeepSeek-R1,emotion,16014,2656325,51.99401828767613
DeepSeek-R1,split,15979,2672304,52.306785896390714
DeepSeek-R1,negativity,15911,2688215,52.61822249581858
DeepSeek-R1,personal,15850,2704065,52.92846510162158
DeepSeek-R1,earnings,15750,2719815,53.236750340826454
DeepSeek-R1,reaction,15521,2735336,53.54055321052162
DeepSeek-R1,lingers,15373,2750709,53.84145917765157
DeepSeek-R1,allocation,15168,2765877,54.13835254325535
DeepSeek-R1,aa,14843,2780720,54.42888446741523
DeepSeek-R1,ac,14826,2795546,54.71908363925342
DeepSeek-R1,costs,14556,2810102,55.00399792127667
DeepSeek-R1,paying,14452,2824554,55.286876542037874
DeepSeek-R1,elevated,14410,2838964,55.56893306882786
DeepSeek-R1,profile,14381,2853345,55.850421959304384
DeepSeek-R1,somatic,14116,2867461,56.12672382829589
DeepSeek-R1,feel,14029,2881490,56.40132278834702
DeepSeek-R1,imbalance,13950,2895440,56.674375428785616
DeepSeek-R1,prioritize,13756,2909196,56.94363077802386
DeepSeek-R1,moral,13717,2922913,57.21212275428883
DeepSeek-R1,individual,13434,2936347,57.47507538308111
DeepSeek-R1,upholding,13351,2949698,57.73640339759694
DeepSeek-R1,undifferentiated,13334,2963032,57.99739865979109
DeepSeek-R1,acting,13273,2976305,58.25719992836038
DeepSeek-R1,loss,13078,2989383,58.513184332063325
DeepSeek-R1,tendency,12853,3002236,58.76476466092049
DeepSeek-R1,behavior,12456,3014692,59.00857424438309
DeepSeek-R1,greed,12151,3026843,59.2464138597214
DeepSeek-R1,competitive,12144,3038987,59.48411645939785
DeepSeek-R1,adrenaline,11942,3050929,59.71786517854609
DeepSeek-R1,moderate,11716,3062645,59.947190249182555
DeepSeek-R1,spikes,11688,3074333,60.17596725717155
DeepSeek-R1,risk,11600,3085933,60.40302178255419
DeepSeek-R1,traits,11386,3097319,60.62588754341684
DeepSeek-R1,emotions,10957,3108276,60.84035620157353
DeepSeek-R1,symptoms,10943,3119219,61.05455082840648
DeepSeek-R1,preference,10752,3129971,61.26500688503701
DeepSeek-R1,self,10748,3140719,61.475384647003615
DeepSeek-R1,visceral,10639,3151358,61.68362887937826
DeepSeek-R1,heightened,10638,3161996,61.89185353808693
DeepSeek-R1,calm,10591,3172587,62.09915823449448
DeepSeek-R1,related,10523,3183110,62.3051319216153
DeepSeek-R1,nature,10233,3193343,62.505429245601555
DeepSeek-R1,zero,10210,3203553,62.70527637527024
DeepSeek-R1,mildly,9825,3213378,62.897587643536134
DeepSeek-R1,exploitation,9681,3223059,63.087080303900734
DeepSeek-R1,amplify,9488,3232547,63.27279524673095
DeepSeek-R1,act,9467,3242014,63.45809914257556
DeepSeek-R1,rigidity,9451,3251465,63.643089859764466
DeepSeek-R1,gain,9447,3260912,63.828002282289454
DeepSeek-R1,conflict,9383,3270295,64.01166199019164
DeepSeek-R1,remains,9355,3279650,64.19477363544634
DeepSeek-R1,aligning,9228,3288878,64.37539942512143
DeepSeek-R1,especially,9089,3297967,64.55330447522513
DeepSeek-R1,reflect,8924,3306891,64.72797987044191
DeepSeek-R1,total,8579,3315470,64.89590235089516
DeepSeek-R1,tendencies,8579,3324049,65.0638248313484
DeepSeek-R1,accepting,8578,3332627,65.23172773813567
DeepSeek-R1,slight,8563,3341190,65.39933703993322
DeepSeek-R1,still,8445,3349635,65.56463664914497
DeepSeek-R1,baseline,8358,3357993,65.72823334941637
DeepSeek-R1,without,8266,3366259,65.89002927241748
DeepSeek-R1,make,8223,3374482,66.0509835277814
DeepSeek-R1,demands,8173,3382655,66.21095909984625
DeepSeek-R1,overrides,8138,3390793,66.37024959360176
DeepSeek-R1,lingering,7794,3398587,66.52280674625972
DeepSeek-R1,interest,7652,3406239,66.67258443834834
DeepSeek-R1,take,7545,3413784,66.82026774817696
DeepSeek-R1,discomfort,7530,3421314,66.96765745301586
DeepSeek-R1,drive,7523,3428837,67.1149101421929
DeepSeek-R1,outrage,7489,3436326,67.26149732672657
DeepSeek-R1,like,7468,3443794,67.40767346427464
DeepSeek-R1,accept,7312,3451106,67.55079610992962
DeepSeek-R1,proself,7247,3458353,67.69264646729583
DeepSeek-R1,irritation,6978,3465331,67.82923150851308
DeepSeek-R1,prevents,6952,3472283,67.96530763441481
DeepSeek-R1,prioritizes,6948,3479231,68.10130546565262
DeepSeek-R1,even,6926,3486157,68.23687267623885
DeepSeek-R1,positivity,6904,3493061,68.37200926617348
DeepSeek-R1,fuels,6841,3499902,68.50591271515128
DeepSeek-R1,focus,6838,3506740,68.63975744313116
DeepSeek-R1,activation,6766,3513506,68.77219286716037
DeepSeek-R1,bias,6732,3520238,68.90396278654623
DeepSeek-R1,lower,6642,3526880,69.03397107599378
DeepSeek-R1,enforce,6602,3533482,69.16319641880207
DeepSeek-R1,imagination,6550,3540032,69.29140393097933
DeepSeek-R1,amplified,6519,3546551,69.41900465951119
DeepSeek-R1,reducing,6463,3553014,69.54550926274808
DeepSeek-R1,drops,6451,3559465,69.6717789819932
DeepSeek-R1,deeply,6361,3565826,69.79628707130001
DeepSeek-R1,outweighs,6276,3572102,69.91913139899842
DeepSeek-R1,blatant,6225,3578327,70.04097746973177
DeepSeek-R1,offer,6200,3584527,70.1623341988156
DeepSeek-R1,explanation,6182,3590709,70.28333860191177
DeepSeek-R1,means,6136,3596845,70.40344261637279
DeepSeek-R1,breakdown,6087,3602932,70.52258752120073
DeepSeek-R1,affect,5919,3608851,70.63844405014382
DeepSeek-R1,person,5876,3614727,70.75345891144971
DeepSeek-R1,contradicts,5831,3620558,70.86759295778646
DeepSeek-R1,acceptance,5812,3626370,70.98135510446954
DeepSeek-R1,less,5778,3632148,71.09445174650928
DeepSeek-R1,sub,5754,3637902,71.20707862056547
DeepSeek-R1,financial,5711,3643613,71.31886382698444
DeepSeek-R1,keeps,5686,3649299,71.4301596917539
DeepSeek-R1,intensely,5620,3654919,71.5401636945686
DeepSeek-R1,since,5619,3660538,71.65014812371732
DeepSeek-R1,necessary,5598,3666136,71.7597215058804
DeepSeek-R1,distress,5596,3671732,71.86925574071155
DeepSeek-R1,patterns,5578,3677310,71.97843764955503
DeepSeek-R1,perceived,5504,3682814,72.0861711071159
DeepSeek-R1,equity,5477,3688291,72.19337607569528
DeepSeek-R1,letting,5384,3693675,72.2987606933384
DeepSeek-R1,minimal,5354,3699029,72.40355810100208
DeepSeek-R1,override,5336,3704365,72.5080031826781
DeepSeek-R1,reactions,5333,3709698,72.61238954335616
DeepSeek-R1,reduces,5311,3715009,72.71634528338265
DeepSeek-R1,numbers,5260,3720269,72.81930276644408
DeepSeek-R1,calmer,5258,3725527,72.92222110217355
DeepSeek-R1,core,5228,3730755,73.0245522279236
DeepSeek-R1,energy,5223,3735978,73.12678548534373
DeepSeek-R1,focused,5205,3741183,73.2286664167762
DeepSeek-R1,reduced,5170,3746353,73.32986226989932
DeepSeek-R1,switching,5138,3751491,73.43043176571105
DeepSeek-R1,need,5107,3756598,73.53039447787737
DeepSeek-R1,choosing,5048,3761646,73.62920234375076
DeepSeek-R1,individualistic,5038,3766684,73.72781447296435
DeepSeek-R1,improves,5012,3771696,73.82591768686245
DeepSeek-R1,resolve,4957,3776653,73.92294434913157
DeepSeek-R1,skills,4907,3781560,74.01899232810162
DeepSeek-R1,keeping,4869,3786429,74.1142965077644
DeepSeek-R1,slide,4868,3791297,74.20958111376117
DeepSeek-R1,violates,4813,3796110,74.30378916812899
DeepSeek-R1,prolongs,4775,3800885,74.39725342318951
DeepSeek-R1,rule,4771,3805656,74.49063938358611
DeepSeek-R1,lifts,4761,3810417,74.58382960732291
DeepSeek-R1,taking,4736,3815153,74.67653048941015
DeepSeek-R1,rigid,4623,3819776,74.76701954724153
DeepSeek-R1,response,4574,3824350,74.85654949543982
DeepSeek-R1,violation,4536,3828886,74.94533564433084
DeepSeek-R1,avoiding,4416,3833302,75.03177295330408
DeepSeek-R1,y,4389,3837691,75.11768177329584
DeepSeek-R1,strongly,4342,3842033,75.20267063098647
DeepSeek-R1,deliberately,4314,3846347,75.28711142602965
DeepSeek-R1,intensifies,4249,3850596,75.37027993278403
DeepSeek-R1,physical,4246,3854842,75.45338971854046
DeepSeek-R1,spike,4228,3859070,75.53614717830925
DeepSeek-R1,reflects,4197,3863267,75.6182978544326
DeepSeek-R1,resolution,4177,3867444,75.70005705723634
DeepSeek-R1,autistic,4162,3871606,75.78152265505035
DeepSeek-R1,inequity,4146,3875752,75.86267507420867
DeepSeek-R1,cognitive,4139,3879891,75.9436904777051
DeepSeek-R1,based,4134,3884025,76.02460801287164
DeepSeek-R1,balance,4111,3888136,76.10507535372061
DeepSeek-R1,toward,4070,3892206,76.18474017426435
DeepSeek-R1,physiological,4066,3896272,76.26432670014415
DeepSeek-R1,pragmatic,4021,3900293,76.3430324110548
DeepSeek-R1,collective,4019,3904312,76.42169897463351
DeepSeek-R1,making,3989,3908301,76.49977832823276
DeepSeek-R1,correcting,3985,3912286,76.57777938716809
DeepSeek-R1,norms,3982,3916268,76.65572172510548
DeepSeek-R1,tempers,3977,3920245,76.73356619471295
DeepSeek-R1,surge,3959,3924204,76.81105833833277
DeepSeek-R1,driven,3921,3928125,76.8878066826453
DeepSeek-R1,perfectly,3913,3932038,76.96439843762998
DeepSeek-R1,resolving,3868,3935906,77.0401093776455
DeepSeek-R1,punitive,3830,3939736,77.11507651835375
DeepSeek-R1,monetary,3821,3943557,77.18986749606815
DeepSeek-R1,decisive,3814,3947371,77.26452145812067
DeepSeek-R1,responses,3808,3951179,77.33905797817732
DeepSeek-R1,expectations,3804,3954983,77.41351620357004
DeepSeek-R1,character,3705,3958688,77.48603663603062
DeepSeek-R1,interpersonal,3697,3962385,77.55840047916335
DeepSeek-R1,prioritizing,3668,3966053,77.63019668598261
DeepSeek-R1,identity,3664,3969717,77.70191459813796
DeepSeek-R1,grim,3652,3973369,77.77339762630152
DeepSeek-R1,selfish,3642,3977011,77.84468491780528
DeepSeek-R1,morally,3613,3980624,77.91540457299558
DeepSeek-R1,rules,3612,3984236,77.9861046545199
DeepSeek-R1,sparks,3611,3987847,78.05678516237823
DeepSeek-R1,triggering,3609,3991456,78.12742652290461
DeepSeek-R1,enforcement,3601,3995057,78.19791129410314
DeepSeek-R1,selfishness,3600,3998657,78.26837649163568
DeepSeek-R1,decreases,3575,4002232,78.3383523475187
DeepSeek-R1,resolves,3554,4005786,78.40791715641609
DeepSeek-R1,moderately,3548,4009334,78.47736452331762
DeepSeek-R1,fury,3546,4012880,78.54677274288717
DeepSeek-R1,peak,3518,4016398,78.61563289980926
DeepSeek-R1,stings,3489,4019887,78.68392542041788
DeepSeek-R1,deviation,3476,4023363,78.75196348336874
DeepSeek-R1,neutral,3408,4026771,78.81867053703289
DeepSeek-R1,observer,3404,4030175,78.88529929603311
DeepSeek-R1,consequences,3316,4033491,78.95020557242697
DeepSeek-R1,clashes,3260,4036751,79.01401572352589
DeepSeek-R1,brings,3144,4039895,79.07555532937097
DeepSeek-R1,trigger,3142,4043037,79.1370557878841
DeepSeek-R1,cooperative,3115,4046152,79.19802775741573
DeepSeek-R1,justified,3110,4049262,79.25890185861746
DeepSeek-R1,psychological,3094,4052356,79.31946278116348
DeepSeek-R1,disgust,3092,4055448,79.37998455637754
DeepSeek-R1,unnecessary,3092,4058540,79.44050633159159
DeepSeek-R1,calmness,3091,4061631,79.50100853313968
DeepSeek-R1,feelings,3080,4064711,79.56129542436197
DeepSeek-R1,shifts,3076,4067787,79.62150402092033
DeepSeek-R1,demand,3063,4070850,79.68145815982093
DeepSeek-R1,triggered,3044,4073894,79.7410403990679
DeepSeek-R1,resolved,3020,4076914,79.8001528703313
DeepSeek-R1,surges,3013,4079927,79.85912832593286
DeepSeek-R1,shift,2994,4082921,79.91773188188075
DeepSeek-R1,given,2956,4085877,79.97559163852137
DeepSeek-R1,just,2956,4088833,80.03345139516198
DeepSeek-R1,pattern,2935,4091768,80.09090010481698
DeepSeek-R1,outcome,2926,4094694,80.14817265147815
DeepSeek-R1,mood,2919,4097613,80.20530818247747
DeepSeek-R1,proposal,2916,4100529,80.26238499247881
DeepSeek-R1,satisfied,2913,4103442,80.31940308148224
DeepSeek-R1,easing,2911,4106353,80.3763820231537
DeepSeek-R1,unfairly,2903,4109256,80.4332043754973
DeepSeek-R1,guilt,2903,4112159,80.4900267278409
DeepSeek-R1,doesn,2885,4115044,80.54649675419684
DeepSeek-R1,worth,2883,4117927,80.60292763322082
DeepSeek-R1,consistent,2877,4120804,80.65924107024891
DeepSeek-R1,reinforces,2861,4123665,80.7152413286213
DeepSeek-R1,offering,2851,4126516,80.77104585033388
DeepSeek-R1,sacrificing,2850,4129366,80.82683079838048
DeepSeek-R1,near,2794,4132160,80.88151962113213
DeepSeek-R1,sting,2781,4134941,80.93595398622601
DeepSeek-R1,costly,2764,4137705,80.99005559899823
DeepSeek-R1,passive,2728,4140433,81.0434525597951
DeepSeek-R1,alleviates,2717,4143150,81.09663421026619
DeepSeek-R1,satisfies,2715,4145865,81.14977671340532
DeepSeek-R1,served,2689,4148554,81.20241030122894
DeepSeek-R1,rises,2666,4151220,81.25459369473498
DeepSeek-R1,higher,2659,4153879,81.30664007257916
DeepSeek-R1,benefit,2650,4156529,81.3585102874295
DeepSeek-R1,sacrifice,2642,4159171,81.41022391295199
DeepSeek-R1,righteous,2640,4161811,81.46189839114253
DeepSeek-R1,rage,2635,4164446,81.51347500100316
DeepSeek-R1,catharsis,2632,4167078,81.56499288986583
DeepSeek-R1,immediate,2630,4169708,81.61647163139655
DeepSeek-R1,dissonance,2599,4172307,81.66734358928184
DeepSeek-R1,eases,2598,4174905,81.71819597350117
DeepSeek-R1,clear,2593,4177498,81.76895048939058
DeepSeek-R1,outcomes,2591,4180089,81.81966585794804
DeepSeek-R1,greedy,2579,4182668,81.8701463425137
DeepSeek-R1,restores,2548,4185216,81.92002004343396
DeepSeek-R1,correct,2537,4187753,81.96967843402842
DeepSeek-R1,restoring,2534,4190287,82.01927810362494
DeepSeek-R1,alertness,2515,4192802,82.06850587356782
DeepSeek-R1,igh,2514,4195316,82.11771406984471
DeepSeek-R1,reduce,2507,4197823,82.16678525045974
DeepSeek-R1,muted,2504,4200327,82.21579771007683
DeepSeek-R1,enacting,2496,4202823,82.26465358036604
DeepSeek-R1,principles,2481,4205304,82.31321584566555
DeepSeek-R1,history,2463,4207767,82.3614257849774
DeepSeek-R1,predictable,2456,4210223,82.40949870862738
DeepSeek-R1,overriding,2448,4212671,82.4574150429495
DeepSeek-R1,minor,2436,4215107,82.50509649327988
DeepSeek-R1,wrong,2434,4217541,82.55273879627826
DeepSeek-R1,sense,2424,4219965,82.60018536261684
DeepSeek-R1,sustains,2423,4222388,82.64761235528944
DeepSeek-R1,dissatisfaction,2408,4224796,82.69474574297232
DeepSeek-R1,increases,2391,4227187,82.74154637833352
DeepSeek-R1,unjust,2386,4229573,82.78824914536482
DeepSeek-R1,fades,2376,4231949,82.83475617573629
DeepSeek-R1,increased,2374,4234323,82.8812240587758
DeepSeek-R1,rationale,2362,4236685,82.92745705782355
DeepSeek-R1,uphold,2348,4239033,82.97341602554755
DeepSeek-R1,exploitative,2342,4241375,83.01925755127566
DeepSeek-R1,releases,2340,4243715,83.06505992967182
DeepSeek-R1,trait,2325,4246040,83.11056870307826
DeepSeek-R1,dollars,2308,4248348,83.155744724163
DeepSeek-R1,well,2270,4250618,83.20017694594047
DeepSeek-R1,drives,2265,4252883,83.24451129938802
DeepSeek-R1,confronting,2264,4255147,83.28882607916961
DeepSeek-R1,fuel,2253,4257400,83.3329255486254
DeepSeek-R1,harmony,2249,4259649,83.37694672341725
DeepSeek-R1,isn,2246,4261895,83.42090917721117
DeepSeek-R1,supports,2234,4264129,83.4646367470133
DeepSeek-R1,disapproval,2230,4266359,83.50828602215152
DeepSeek-R1,stays,2226,4268585,83.55185700262581
DeepSeek-R1,shows,2221,4270806,83.59533011477019
DeepSeek-R1,extremely,2216,4273022,83.63870535858466
DeepSeek-R1,sustained,2216,4275238,83.68208060239914
DeepSeek-R1,expected,2199,4277437,83.72512309389194
DeepSeek-R1,vindication,2198,4279635,83.76814601171876
DeepSeek-R1,stress,2149,4281784,83.81020981991249
DeepSeek-R1,losing,2147,4283931,83.85223448077426
DeepSeek-R1,subscores,2146,4286077,83.89423956797005
DeepSeek-R1,satisfying,2111,4288188,83.93555957685649
DeepSeek-R1,yet,2108,4290296,83.976820864745
DeepSeek-R1,feasible,2090,4292386,84.01772982664582
DeepSeek-R1,tempered,2062,4294448,84.05809072589919
DeepSeek-R1,historically,2054,4296502,84.0982950358247
DeepSeek-R1,quickly,2051,4298553,84.13844062475228
DeepSeek-R1,intentionally,2049,4300602,84.17854706634787
DeepSeek-R1,sharply,2034,4302636,84.21835990295376
DeepSeek-R1,flares,2026,4304662,84.2580161502318
DeepSeek-R1,logical,2009,4306671,84.29733964518815
DeepSeek-R1,show,2006,4308677,84.33660441914657
DeepSeek-R1,decisions,2006,4310683,84.37586919310498
DeepSeek-R1,money,1983,4312666,84.41468377274582
DeepSeek-R1,mutes,1969,4314635,84.45322432106292
DeepSeek-R1,rejecting,1956,4316591,84.49151041172229
DeepSeek-R1,subdued,1947,4318538,84.52962033938779
DeepSeek-R1,don,1943,4320481,84.56765197238938
DeepSeek-R1,equitable,1939,4322420,84.60560531072704
DeepSeek-R1,deliberate,1920,4324340,84.64318674941109
DeepSeek-R1,penalize,1913,4326253,84.68063117243322
DeepSeek-R1,persists,1913,4328166,84.71807559545539
DeepSeek-R1,viscerally,1908,4330074,84.75542215014762
DeepSeek-R1,now,1906,4331980,84.79272955750791
DeepSeek-R1,physically,1901,4333881,84.8299390965383
DeepSeek-R1,may,1885,4335766,84.86683545691298
DeepSeek-R1,delivers,1876,4337642,84.90355565429383
DeepSeek-R1,annoyance,1863,4339505,84.94002139401692
DeepSeek-R1,leaving,1857,4341362,84.97636969174413
DeepSeek-R1,aversion,1856,4343218,85.01269841580535
DeepSeek-R1,neurodivergent,1850,4345068,85.04890969787068
DeepSeek-R1,limits,1843,4346911,85.08498396427414
DeepSeek-R1,give,1834,4348745,85.12088206768378
DeepSeek-R1,analysis,1833,4350578,85.15676059742742
DeepSeek-R1,breaking,1817,4352395,85.19232594851539
DeepSeek-R1,inequality,1812,4354207,85.22779343127344
DeepSeek-R1,allows,1806,4356013,85.2631434720356
DeepSeek-R1,allowing,1784,4357797,85.29806289214616
DeepSeek-R1,upheld,1779,4359576,85.33288444392683
DeepSeek-R1,emotionally,1764,4361340,85.36741239071777
DeepSeek-R1,feeling,1764,4363104,85.40194033750872
DeepSeek-R1,offsets,1764,4364868,85.43646828429968
DeepSeek-R1,irrational,1761,4366629,85.47093751009267
DeepSeek-R1,knowing,1759,4368388,85.50536758855371
DeepSeek-R1,instead,1722,4370110,85.53907344137345
DeepSeek-R1,creating,1716,4371826,85.5726618521973
DeepSeek-R1,illogical,1715,4373541,85.60623068935516
DeepSeek-R1,support,1709,4375250,85.63968208451713
DeepSeek-R1,align,1707,4376957,85.67309433234715
DeepSeek-R1,ow,1705,4378662,85.7064674328452
DeepSeek-R1,logic,1689,4380351,85.73952735468755
DeepSeek-R1,wastes,1681,4382032,85.77243068720205
DeepSeek-R1,cooperation,1680,4383712,85.80531444605057
DeepSeek-R1,accountability,1677,4385389,85.83813948390114
DeepSeek-R1,grating,1672,4387061,85.87086665342181
DeepSeek-R1,choose,1664,4388725,85.90343723361464
DeepSeek-R1,explains,1663,4390388,85.93598824014148
DeepSeek-R1,equality,1662,4392050,85.96851967300235
DeepSeek-R1,sharp,1654,4393704,86.00089451653534
DeepSeek-R1,equal,1651,4395355,86.03321063907042
DeepSeek-R1,enables,1649,4397004,86.06548761427351
DeepSeek-R1,restored,1638,4398642,86.09754927915083
DeepSeek-R1,violations,1628,4400270,86.12941520736831
DeepSeek-R1,significantly,1626,4401896,86.16124198825385
DeepSeek-R1,principle,1621,4403517,86.19297090080947
DeepSeek-R1,experimental,1619,4405136,86.22466066603313
DeepSeek-R1,channels,1608,4406744,86.25613512093099
DeepSeek-R1,deserves,1606,4408350,86.2875704284969
DeepSeek-R1,heightens,1604,4409954,86.31896658873085
DeepSeek-R1,nothing,1594,4411548,86.350167012305
DeepSeek-R1,suggests,1591,4413139,86.38130871488117
DeepSeek-R1,avoids,1589,4414728,86.4124112701254
DeepSeek-R1,must,1585,4416313,86.4434355307057
DeepSeek-R1,full,1584,4417897,86.47444021762001
DeepSeek-R1,old,1583,4419480,86.50542533086836
DeepSeek-R1,accountable,1578,4421058,86.5363125757868
DeepSeek-R1,year,1575,4422633,86.56714109970729
DeepSeek-R1,perception,1573,4424206,86.5979304762958
DeepSeek-R1,consistency,1564,4425770,86.62854368989049
DeepSeek-R1,confrontation,1563,4427333,86.6591373298192
DeepSeek-R1,blatantly,1553,4428886,86.68953523308811
DeepSeek-R1,reject,1530,4430416,86.71948294203943
DeepSeek-R1,causing,1527,4431943,86.74937192999282
DeepSeek-R1,lose,1515,4433458,86.77902603395444
DeepSeek-R1,hesitation,1511,4434969,86.80860184325212
DeepSeek-R1,state,1498,4436467,86.83792319489206
DeepSeek-R1,intensify,1496,4437963,86.86720539920002
DeepSeek-R1,provides,1493,4439456,86.89642888251005
DeepSeek-R1,significant,1493,4440949,86.92565236582007
DeepSeek-R1,net,1489,4442438,86.95479755446617
DeepSeek-R1,t,1481,4443919,86.98378615378442
DeepSeek-R1,human,1478,4445397,87.01271603210473
DeepSeek-R1,relieves,1474,4446871,87.04156761576111
DeepSeek-R1,reward,1470,4448341,87.07034090475356
DeepSeek-R1,spiking,1467,4449808,87.09905547274808
DeepSeek-R1,control,1462,4451270,87.12767217241269
DeepSeek-R1,typically,1460,4452730,87.15624972474532
DeepSeek-R1,ability,1455,4454185,87.18472940874807
DeepSeek-R1,agitated,1453,4455638,87.21316994541883
DeepSeek-R1,type,1439,4457077,87.24133645076587
DeepSeek-R1,kept,1428,4458505,87.2692876457871
DeepSeek-R1,reinforcing,1423,4459928,87.29714097247845
DeepSeek-R1,holding,1421,4461349,87.32495515183783
DeepSeek-R1,violate,1420,4462769,87.35274975753121
DeepSeek-R1,calming,1414,4464183,87.38042692122872
DeepSeek-R1,process,1412,4465595,87.40806493759425
DeepSeek-R1,urge,1408,4467003,87.43562465929587
DeepSeek-R1,dips,1407,4468410,87.46316480733152
DeepSeek-R1,manifest,1405,4469815,87.49066580803519
DeepSeek-R1,tolerance,1401,4471216,87.51808851407493
DeepSeek-R1,strictly,1400,4472616,87.54549164644871
DeepSeek-R1,amplifying,1394,4474010,87.57277733682658
DeepSeek-R1,data,1393,4475403,87.60004345353848
DeepSeek-R1,non,1391,4476794,87.62727042291841
DeepSeek-R1,someone,1386,4478180,87.65439952396844
DeepSeek-R1,creates,1371,4479551,87.68123502002877
DeepSeek-R1,format,1361,4480912,87.70787477942925
DeepSeek-R1,anxiety,1358,4482270,87.7344558178318
DeepSeek-R1,deviations,1355,4483625,87.76097813523641
DeepSeek-R1,o,1352,4484977,87.78744173164309
DeepSeek-R1,equilibrium,1342,4486319,87.81370959138994
DeepSeek-R1,subscale,1339,4487658,87.83991873013885
DeepSeek-R1,output,1339,4488997,87.86612786888776
DeepSeek-R1,quick,1338,4490335,87.89231743397067
DeepSeek-R1,resources,1337,4491672,87.91848742538764
DeepSeek-R1,causes,1335,4493007,87.94461826947261
DeepSeek-R1,participant,1335,4494342,87.9707491135576
DeepSeek-R1,value,1329,4495671,87.9967625156467
DeepSeek-R1,intervention,1326,4496997,88.02271719673786
DeepSeek-R1,half,1322,4498319,88.04859358316509
DeepSeek-R1,concerns,1316,4499635,88.07435252759642
DeepSeek-R1,subdimension,1308,4500943,88.09995488269992
DeepSeek-R1,favors,1305,4502248,88.12549851680545
DeepSeek-R1,unishing,1305,4503553,88.15104215091101
DeepSeek-R1,also,1302,4504855,88.1765270640186
DeepSeek-R1,instantly,1300,4506155,88.20197282979424
DeepSeek-R1,motional,1295,4507450,88.22732072723998
DeepSeek-R1,dominates,1291,4508741,88.2525903300218
DeepSeek-R1,magnifies,1290,4510031,88.27784035913763
DeepSeek-R1,adherence,1286,4511317,88.30301209358953
DeepSeek-R1,empathy,1280,4512597,88.32806638604555
DeepSeek-R1,context,1278,4513875,88.3530815311696
DeepSeek-R1,mean,1275,4515150,88.37803795529571
DeepSeek-R1,severe,1268,4516418,88.40285736375995
DeepSeek-R1,racing,1268,4517686,88.42767677222419
DeepSeek-R1,pre,1257,4518943,88.45228087036263
DeepSeek-R1,rational,1249,4520192,88.47672837917322
DeepSeek-R1,depressive,1247,4521439,88.50113674065186
DeepSeek-R1,dampens,1245,4522684,88.52550595479853
DeepSeek-R1,conflicts,1241,4523925,88.54979687428128
DeepSeek-R1,stronger,1238,4525163,88.57402907276608
DeepSeek-R1,fixates,1235,4526398,88.59820255025294
DeepSeek-R1,violating,1233,4527631,88.62233688040784
DeepSeek-R1,internal,1226,4528857,88.64633419490087
DeepSeek-R1,motivation,1225,4530082,88.67031193572791
DeepSeek-R1,chose,1223,4531305,88.694250529223
DeepSeek-R1,let,1216,4532521,88.71805210705621
DeepSeek-R1,securing,1214,4533735,88.74181453755746
DeepSeek-R1,outweighing,1206,4534941,88.76542037873087
DeepSeek-R1,driving,1196,4536137,88.78883048324445
DeepSeek-R1,impulse,1193,4537330,88.8121818667601
DeepSeek-R1,rather,1191,4538521,88.83549410294378
DeepSeek-R1,paradoxically,1187,4539708,88.85872804446355
DeepSeek-R1,overwhelming,1184,4540892,88.88190326498535
DeepSeek-R1,refuse,1165,4542057,88.90470658585352
DeepSeek-R1,tolerate,1165,4543222,88.9275099067217
DeepSeek-R1,dissipates,1160,4544382,88.95021535925996
DeepSeek-R1,personally,1160,4545542,88.97292081179823
DeepSeek-R1,right,1160,4546702,88.9956262643365
DeepSeek-R1,costing,1153,4547855,89.01819470121288
DeepSeek-R1,hoard,1153,4549008,89.04076313808928
DeepSeek-R1,heart,1151,4550159,89.06329242763371
DeepSeek-R1,rumination,1141,4551300,89.08562598051833
DeepSeek-R1,clearly,1141,4552441,89.10795953340295
DeepSeek-R1,pragmatism,1140,4553581,89.1302735126216
DeepSeek-R1,free,1139,4554720,89.15256791817424
DeepSeek-R1,pholding,1136,4555856,89.17480360272896
DeepSeek-R1,normal,1131,4556987,89.19694141895377
DeepSeek-R1,mixed,1122,4558109,89.21890307218474
DeepSeek-R1,pay,1120,4559229,89.24082557808376
DeepSeek-R1,deficit,1119,4560348,89.26272851031679
DeepSeek-R1,close,1114,4561462,89.28453357421992
DeepSeek-R1,excitement,1114,4562576,89.30633863812304
DeepSeek-R1,unease,1113,4563689,89.32812412836019
DeepSeek-R1,processing,1111,4564800,89.34987047126538
DeepSeek-R1,stand,1101,4565901,89.37142107751073
DeepSeek-R1,perfect,1097,4566998,89.3928933890922
DeepSeek-R1,specially,1097,4568095,89.41436570067363
DeepSeek-R1,immediately,1096,4569191,89.43581843858908
DeepSeek-R1,passivity,1090,4570281,89.45715373450867
DeepSeek-R1,practical,1089,4571370,89.47846945676227
DeepSeek-R1,registers,1088,4572458,89.49976560534988
DeepSeek-R1,uplift,1087,4573545,89.52104218027151
DeepSeek-R1,screams,1076,4574621,89.54210344486735
DeepSeek-R1,gets,1074,4575695,89.56312556213122
DeepSeek-R1,unequal,1064,4576759,89.58395194273528
DeepSeek-R1,resentment,1057,4577816,89.60464130767748
DeepSeek-R1,prevent,1049,4578865,89.62517408329182
DeepSeek-R1,naturally,1048,4579913,89.64568728524019
DeepSeek-R1,spending,1048,4580961,89.66620048718855
DeepSeek-R1,alignment,1046,4582007,89.68667454180495
DeepSeek-R1,can,1040,4583047,89.70703115442545
DeepSeek-R1,share,1040,4584087,89.72738776704597
DeepSeek-R1,go,1038,4585125,89.74770523233452
DeepSeek-R1,stems,1037,4586162,89.76800312395709
DeepSeek-R1,witnessing,1037,4587199,89.78830101557966
DeepSeek-R1,hyper,1032,4588231,89.80850103887232
DeepSeek-R1,wasteful,1027,4589258,89.82860319383508
DeepSeek-R1,small,1023,4590281,89.84862705413391
DeepSeek-R1,inherent,1016,4591297,89.86851389877087
DeepSeek-R1,dampened,1015,4592312,89.88838116974185
DeepSeek-R1,worse,1011,4593323,89.9081701460489
DeepSeek-R1,displeasure,989,4594312,89.92752850170437
DeepSeek-R1,asserting,985,4595297,89.94680856269592
DeepSeek-R1,per,984,4596281,89.96606905002147
DeepSeek-R1,retaliation,979,4597260,89.98523166901714
DeepSeek-R1,recognition,975,4598235,90.00431599334887
DeepSeek-R1,metrics,974,4599209,90.02338074401462
DeepSeek-R1,airness,972,4600181,90.0424063473484
DeepSeek-R1,rejection,972,4601153,90.06143195068219
DeepSeek-R1,tense,970,4602123,90.08041840668402
DeepSeek-R1,indignation,968,4603091,90.09936571535387
DeepSeek-R1,norm,965,4604056,90.1182543030258
DeepSeek-R1,task,956,4605012,90.13696672770388
DeepSeek-R1,past,950,4605962,90.15556171038608
DeepSeek-R1,dislike,947,4606909,90.17409797207033
DeepSeek-R1,stable,947,4607856,90.19263423375459
DeepSeek-R1,contentment,938,4608794,90.21099433244501
DeepSeek-R1,fixation,938,4609732,90.22935443113545
DeepSeek-R1,floods,921,4610653,90.24738177750417
DeepSeek-R1,rectifying,917,4611570,90.265330829209
DeepSeek-R1,leaves,916,4612486,90.28326030724784
DeepSeek-R1,however,914,4613400,90.3011506379547
DeepSeek-R1,drivers,909,4614309,90.31894310033167
DeepSeek-R1,penalizing,907,4615216,90.33669641537668
DeepSeek-R1,profit,901,4616117,90.3543322884258
DeepSeek-R1,efficient,900,4617017,90.37194858780893
DeepSeek-R1,highly,900,4617917,90.38956488719207
DeepSeek-R1,others,900,4618817,90.4071811865752
DeepSeek-R1,volatile,897,4619714,90.4247387649604
DeepSeek-R1,jarring,895,4620609,90.44225719601363
DeepSeek-R1,righteousness,895,4621504,90.45977562706685
DeepSeek-R1,system,895,4622399,90.47729405812008
DeepSeek-R1,suggest,893,4623292,90.49477334184135
DeepSeek-R1,threshold,891,4624183,90.51221347823066
DeepSeek-R1,prosociality,890,4625073,90.52963404095398
DeepSeek-R1,rejects,889,4625962,90.54703503001133
DeepSeek-R1,enforced,884,4626846,90.56433815073875
DeepSeek-R1,cathartic,881,4627727,90.58158255046826
DeepSeek-R1,contradict,879,4628606,90.59878780286577
DeepSeek-R1,fists,877,4629483,90.61595390793134
DeepSeek-R1,lessens,877,4630360,90.63312001299691
DeepSeek-R1,return,875,4631235,90.65024697073052
DeepSeek-R1,easy,875,4632110,90.66737392846413
DeepSeek-R1,body,873,4632983,90.68446173886576
DeepSeek-R1,symbolic,873,4633856,90.7015495492674
DeepSeek-R1,eart,868,4634724,90.71853949133914
DeepSeek-R1,thought,862,4635586,90.73541199141499
DeepSeek-R1,subsides,858,4636444,90.75220619682692
DeepSeek-R1,trivial,857,4637301,90.76898082857285
DeepSeek-R1,benchmark,855,4638156,90.78571631298684
DeepSeek-R1,won,851,4639007,90.80237350273688
DeepSeek-R1,round,850,4639857,90.81901111882095
DeepSeek-R1,male,850,4640707,90.83564873490504
DeepSeek-R1,regret,847,4641554,90.85222762999116
DeepSeek-R1,times,845,4642399,90.86876737774533
DeepSeek-R1,g,844,4643243,90.88528755183351
DeepSeek-R1,engagement,842,4644085,90.90176857858974
DeepSeek-R1,overall,840,4644925,90.91821045801399
DeepSeek-R1,noticeable,839,4645764,90.93463276377227
DeepSeek-R1,greedily,834,4646598,90.95095720120064
DeepSeek-R1,innate,831,4647429,90.96722291763108
DeepSeek-R1,fueled,828,4648257,90.98342991306356
DeepSeek-R1,bitterness,827,4649084,90.99961733483006
DeepSeek-R1,acute,823,4649907,91.01572646193264
DeepSeek-R1,e,823,4650730,91.03183558903523
DeepSeek-R1,combined,822,4651552,91.04792514247183
DeepSeek-R1,compel,822,4652374,91.06401469590843
DeepSeek-R1,effortless,819,4653193,91.08004552834707
DeepSeek-R1,exists,816,4654009,91.09601763978779
DeepSeek-R1,lowers,815,4654824,91.11197017756251
DeepSeek-R1,negotiable,813,4655637,91.12788356800527
DeepSeek-R1,maintains,808,4656445,91.14369909011813
DeepSeek-R1,crosses,803,4657248,91.15941674390109
DeepSeek-R1,justifies,799,4658047,91.17505610302011
DeepSeek-R1,cools,791,4658838,91.1905388728113
DeepSeek-R1,strength,790,4659628,91.2060020689365
DeepSeek-R1,fueling,785,4660413,91.2213673967318
DeepSeek-R1,provided,783,4661196,91.23669357719511
DeepSeek-R1,stingy,780,4661976,91.2519610366605
DeepSeek-R1,energizes,778,4662754,91.26718934879392
DeepSeek-R1,order,777,4663531,91.28239808726136
DeepSeek-R1,occurred,775,4664306,91.29756767839685
DeepSeek-R1,reflecting,767,4665073,91.31258068020446
DeepSeek-R1,purposeful,764,4665837,91.32753496101415
DeepSeek-R1,matters,764,4666601,91.34248924182383
DeepSeek-R1,instinct,761,4667362,91.35738480163558
DeepSeek-R1,objectively,758,4668120,91.37222164044937
DeepSeek-R1,ustice,757,4668877,91.38703890559718
DeepSeek-R1,disruption,755,4669632,91.40181702341305
DeepSeek-R1,allocate,752,4670384,91.41653642023095
DeepSeek-R1,aligned,751,4671135,91.43123624338287
DeepSeek-R1,corrected,750,4671885,91.44591649286883
DeepSeek-R1,linger,748,4672633,91.4605575950228
DeepSeek-R1,adheres,747,4673380,91.47517912351081
DeepSeek-R1,notice,743,4674123,91.48972235733488
DeepSeek-R1,dominate,742,4674865,91.50424601749299
DeepSeek-R1,averages,740,4675605,91.51873053031912
DeepSeek-R1,enough,740,4676345,91.53321504314526
DeepSeek-R1,game,738,4677083,91.54766040863942
DeepSeek-R1,intolerance,733,4677816,91.56200790580368
DeepSeek-R1,actions,729,4678545,91.57627710830403
DeepSeek-R1,cutoff,729,4679274,91.59054631080437
DeepSeek-R1,stability,727,4680001,91.60477636597275
DeepSeek-R1,acted,726,4680727,91.61898684747514
DeepSeek-R1,intentional,725,4681452,91.63317775531155
DeepSeek-R1,upon,717,4682169,91.64721207382013
DeepSeek-R1,offers,716,4682885,91.66122681866271
DeepSeek-R1,returns,716,4683601,91.6752415635053
DeepSeek-R1,chest,712,4684313,91.68917801368394
DeepSeek-R1,distribution,710,4685023,91.70307531653064
DeepSeek-R1,softens,710,4685733,91.71697261937734
DeepSeek-R1,finds,708,4686441,91.73083077489208
DeepSeek-R1,gains,701,4687142,91.74455191474495
DeepSeek-R1,burn,699,4687841,91.75823390726585
DeepSeek-R1,individualist,697,4688538,91.77187675245479
DeepSeek-R1,exploit,695,4689233,91.78548045031177
DeepSeek-R1,intolerable,695,4689928,91.79908414816875
DeepSeek-R1,caps,692,4690620,91.81262912502777
DeepSeek-R1,outweigh,691,4691311,91.82615452822083
DeepSeek-R1,hurts,690,4692001,91.83966035774789
DeepSeek-R1,win,690,4692691,91.85316618727497
DeepSeek-R1,resilience,688,4693379,91.86663286947008
DeepSeek-R1,leans,686,4694065,91.88006040433322
DeepSeek-R1,fully,685,4694750,91.89346836553038
DeepSeek-R1,explain,682,4695432,91.9068176057296
DeepSeek-R1,violated,682,4696114,91.92016684592882
DeepSeek-R1,agitating,672,4696786,91.93332034946823
DeepSeek-R1,betray,671,4697457,91.94645427934167
DeepSeek-R1,desire,670,4698127,91.9595686355491
DeepSeek-R1,key,667,4698794,91.9726242707586
DeepSeek-R1,difficulty,665,4699459,91.98564075863615
DeepSeek-R1,react,665,4700124,91.99865724651369
DeepSeek-R1,correction,662,4700786,92.01161501339328
DeepSeek-R1,rosocial,661,4701447,92.0245532066069
DeepSeek-R1,offsetting,661,4702108,92.03749139982051
DeepSeek-R1,exactly,658,4702766,92.05037087203618
DeepSeek-R1,ike,657,4703423,92.06323077058588
DeepSeek-R1,motives,657,4704080,92.07609066913555
DeepSeek-R1,earns,655,4704735,92.08891142035328
DeepSeek-R1,expectation,653,4705388,92.10169302423905
DeepSeek-R1,generally,650,4706038,92.11441590712687
DeepSeek-R1,closure,649,4706687,92.1271192163487
DeepSeek-R1,energized,648,4707335,92.13980295190457
DeepSeek-R1,ease,646,4707981,92.15244754012846
DeepSeek-R1,far,642,4708623,92.16501383368843
DeepSeek-R1,principled,639,4709262,92.17752140625046
DeepSeek-R1,concern,639,4709901,92.19002897881249
DeepSeek-R1,unchecked,636,4710537,92.20247783037657
DeepSeek-R1,instincts,635,4711172,92.21490710827467
DeepSeek-R1,predictability,635,4711807,92.22733638617278
DeepSeek-R1,worthwhile,635,4712442,92.23976566407087
DeepSeek-R1,neutrality,632,4713074,92.25213622097102
DeepSeek-R1,settles,632,4713706,92.26450677787119
DeepSeek-R1,extremes,632,4714338,92.27687733477134
DeepSeek-R1,charged,631,4714969,92.28922831800553
DeepSeek-R1,enabling,631,4715600,92.3015793012397
DeepSeek-R1,impulsive,630,4716230,92.31391071080789
DeepSeek-R1,dominance,627,4716857,92.32618339937815
DeepSeek-R1,stance,627,4717484,92.3384560879484
DeepSeek-R1,simulated,624,4718108,92.3506700555207
DeepSeek-R1,controlled,620,4718728,92.36280572842908
DeepSeek-R1,hot,620,4719348,92.37494140133748
DeepSeek-R1,sanctioning,616,4719964,92.38699877958193
DeepSeek-R1,individualism,616,4720580,92.3990561578264
DeepSeek-R1,lost,614,4721194,92.41107438873888
DeepSeek-R1,reactive,614,4721808,92.42309261965137
DeepSeek-R1,clenching,613,4722421,92.43509127689788
DeepSeek-R1,preserves,612,4723033,92.44707036047842
DeepSeek-R1,distrust,611,4723644,92.45902987039297
DeepSeek-R1,made,611,4724255,92.47098938030753
DeepSeek-R1,rounds,611,4724866,92.48294889022208
DeepSeek-R1,situation,611,4725477,92.49490840013662
DeepSeek-R1,briefly,610,4726087,92.50684833638519
DeepSeek-R1,broken,609,4726696,92.51876869896778
DeepSeek-R1,ut,607,4727303,92.53064991421842
DeepSeek-R1,increase,604,4727907,92.54247240847108
DeepSeek-R1,better,603,4728510,92.55427532905779
DeepSeek-R1,short,603,4729113,92.56607824964449
DeepSeek-R1,required,602,4729715,92.57786159656521
DeepSeek-R1,penalty,600,4730315,92.58960579615398
DeepSeek-R1,lack,596,4730911,92.6012717010788
DeepSeek-R1,subclinical,596,4731507,92.61293760600363
DeepSeek-R1,glaring,593,4732100,92.62454478993052
DeepSeek-R1,erase,592,4732692,92.63613240019143
DeepSeek-R1,conviction,585,4733277,92.64758299479047
DeepSeek-R1,emerges,584,4733861,92.65901401572353
DeepSeek-R1,vigilance,583,4734444,92.67042546299061
DeepSeek-R1,compared,582,4735026,92.68181733659169
DeepSeek-R1,notes,582,4735608,92.69320921019279
DeepSeek-R1,awareness,579,4736187,92.70454236279593
DeepSeek-R1,peaks,579,4736766,92.71587551539909
DeepSeek-R1,didn,577,4737343,92.72716952067029
DeepSeek-R1,offset,575,4737918,92.73842437860951
DeepSeek-R1,decisively,575,4738493,92.74967923654873
DeepSeek-R1,tenses,574,4739067,92.76091452082198
DeepSeek-R1,eels,570,4739637,92.7720715104313
DeepSeek-R1,consistently,568,4740205,92.78318935270865
DeepSeek-R1,relieved,562,4740767,92.79418975299012
DeepSeek-R1,endorsing,561,4741328,92.80517057960562
DeepSeek-R1,moderated,561,4741889,92.81615140622111
DeepSeek-R1,chosen,560,4742449,92.82711265917061
DeepSeek-R1,regulation,560,4743009,92.83807391212011
DeepSeek-R1,appreciates,559,4743568,92.84901559140364
DeepSeek-R1,splits,558,4744126,92.85993769702118
DeepSeek-R1,face,557,4744683,92.87084022897274
DeepSeek-R1,release,556,4745239,92.88172318725833
DeepSeek-R1,mathematically,556,4745795,92.89260614554391
DeepSeek-R1,deep,554,4746349,92.90344995649752
DeepSeek-R1,overwhelm,554,4746903,92.91429376745116
DeepSeek-R1,potential,553,4747456,92.92511800473878
DeepSeek-R1,races,553,4748009,92.93594224202643
DeepSeek-R1,favor,551,4748560,92.94672733198209
DeepSeek-R1,justify,551,4749111,92.95751242193776
DeepSeek-R1,worsen,551,4749662,92.96829751189345
DeepSeek-R1,lowering,549,4750211,92.97904345451717
DeepSeek-R1,might,549,4750760,92.98978939714088
DeepSeek-R1,pure,543,4751303,93.0004178977687
DeepSeek-R1,channeled,542,4751845,93.01102682473055
DeepSeek-R1,confirms,542,4752387,93.02163575169239
DeepSeek-R1,exploiting,541,4752928,93.03222510498826
DeepSeek-R1,investment,539,4753467,93.04277531095215
DeepSeek-R1,strain,539,4754006,93.05332551691605
DeepSeek-R1,dollar,538,4754544,93.06385614921398
DeepSeek-R1,fee,538,4755082,93.07438678151189
DeepSeek-R1,aware,538,4755620,93.0849174138098
DeepSeek-R1,observing,535,4756155,93.09538932510978
DeepSeek-R1,upsetting,534,4756689,93.10584166274379
DeepSeek-R1,rewards,533,4757222,93.11627442671178
DeepSeek-R1,shortchanging,533,4757755,93.12670719067981
DeepSeek-R1,demanding,528,4758283,93.1370420863179
DeepSeek-R1,clinical,526,4758809,93.14733783462405
DeepSeek-R1,ideal,524,4759333,93.15759443559824
DeepSeek-R1,compels,521,4759854,93.16779231557447
DeepSeek-R1,dimension,521,4760375,93.1779901955507
DeepSeek-R1,sensitive,520,4760895,93.18816850186097
DeepSeek-R1,boosts,519,4761414,93.19832723450524
DeepSeek-R1,layer,519,4761933,93.20848596714951
DeepSeek-R1,price,516,4762449,93.21858597879584
DeepSeek-R1,avoid,514,4762963,93.22864684311021
DeepSeek-R1,deserved,509,4763472,93.23860983909468
DeepSeek-R1,nullify,508,4763980,93.24855326141316
DeepSeek-R1,fatigue,507,4764487,93.25847711006567
DeepSeek-R1,activates,506,4764993,93.26838138505218
DeepSeek-R1,load,505,4765498,93.27826608637272
DeepSeek-R1,consequence,505,4766003,93.28815078769325
DeepSeek-R1,faces,505,4766508,93.29803548901378
DeepSeek-R1,avoidance,504,4767012,93.30790061666835
DeepSeek-R1,rush,503,4767515,93.31774617065692
DeepSeek-R1,skewed,503,4768018,93.3275917246455
DeepSeek-R1,interpretation,502,4768520,93.33741770496809
DeepSeek-R1,calms,499,4769019,93.34718496429274
DeepSeek-R1,disappointment,499,4769518,93.35695222361738
DeepSeek-R1,linked,497,4770015,93.36668033561007
DeepSeek-R1,onsistent,497,4770512,93.37640844760277
DeepSeek-R1,inherently,495,4771007,93.3860974122635
DeepSeek-R1,sparking,494,4771501,93.39576680325823
DeepSeek-R1,deepens,493,4771994,93.40541662058699
DeepSeek-R1,needed,491,4772485,93.4150272905838
DeepSeek-R1,enable,490,4772975,93.42461838691462
DeepSeek-R1,white,490,4773465,93.43420948324544
DeepSeek-R1,irritating,488,4773953,93.44376143224429
DeepSeek-R1,around,487,4774440,93.45329380757717
DeepSeek-R1,hopelessness,486,4774926,93.46280660924405
DeepSeek-R1,visualizes,486,4775412,93.47231941091096
DeepSeek-R1,rapid,485,4775897,93.48181263891186
DeepSeek-R1,offensive,484,4776381,93.49128629324679
DeepSeek-R1,frustrating,483,4776864,93.50074037391573
DeepSeek-R1,deciding,482,4777346,93.51017488091871
DeepSeek-R1,shouldn,482,4777828,93.51960938792168
DeepSeek-R1,annoyed,480,4778308,93.52900474759268
DeepSeek-R1,everything,480,4778788,93.53840010726368
DeepSeek-R1,hidden,480,4779268,93.54779546693469
DeepSeek-R1,severely,479,4779747,93.55717125293972
DeepSeek-R1,validates,478,4780225,93.56652746527875
DeepSeek-R1,prior,478,4780703,93.57588367761781
DeepSeek-R1,impulses,471,4781174,93.58510287429498
DeepSeek-R1,subdimensions,471,4781645,93.59432207097215
DeepSeek-R1,l,469,4782114,93.60350212031737
DeepSeek-R1,purpose,469,4782583,93.61268216966258
DeepSeek-R1,stakes,467,4783050,93.62182307167582
DeepSeek-R1,intervene,466,4783516,93.6309444000231
DeepSeek-R1,removes,464,4783980,93.6400265810384
DeepSeek-R1,quiet,463,4784443,93.64908918838772
DeepSeek-R1,thinking,463,4784906,93.65815179573706
DeepSeek-R1,gives,463,4785369,93.66721440308638
DeepSeek-R1,calculations,462,4785831,93.67625743676972
DeepSeek-R1,lifting,462,4786293,93.68530047045306
DeepSeek-R1,denying,461,4786754,93.69432393047042
DeepSeek-R1,nough,461,4787215,93.70334739048779
DeepSeek-R1,contextual,460,4787675,93.71235127683917
DeepSeek-R1,ven,460,4788135,93.72135516319055
DeepSeek-R1,effort,457,4788592,93.73030032854398
DeepSeek-R1,standards,456,4789048,93.73922592023143
DeepSeek-R1,typical,454,4789502,93.74811236458693
DeepSeek-R1,leading,454,4789956,93.75699880894243
DeepSeek-R1,ensures,453,4790409,93.76586567963193
DeepSeek-R1,requested,453,4790862,93.77473255032145
DeepSeek-R1,buffers,452,4791314,93.78357984734498
DeepSeek-R1,comfort,452,4791766,93.7924271443685
DeepSeek-R1,get,452,4792218,93.80127444139204
DeepSeek-R1,normally,452,4792670,93.81012173841557
DeepSeek-R1,allocations,451,4793121,93.81894946177312
DeepSeek-R1,aq,451,4793572,93.82777718513067
DeepSeek-R1,exclusively,451,4794023,93.83660490848823
DeepSeek-R1,intensifying,450,4794473,93.84541305817979
DeepSeek-R1,favoring,449,4794922,93.85420163420537
DeepSeek-R1,range,449,4795371,93.86299021023096
DeepSeek-R1,disrupting,447,4795818,93.87173963892458
DeepSeek-R1,magnify,447,4796265,93.88048906761821
DeepSeek-R1,ethical,445,4796710,93.88919934897987
DeepSeek-R1,boosting,444,4797154,93.89789005667555
DeepSeek-R1,compounded,444,4797598,93.90658076437123
DeepSeek-R1,prolong,443,4798041,93.91525189840092
DeepSeek-R1,mental,442,4798483,93.92390345876464
DeepSeek-R1,steep,441,4798924,93.93253544546238
DeepSeek-R1,dampen,441,4799365,93.94116743216013
DeepSeek-R1,follows,439,4799804,93.94976027152589
DeepSeek-R1,medium,439,4800243,93.95835311089166
DeepSeek-R1,hands,438,4800681,93.96692637659146
DeepSeek-R1,limit,438,4801119,93.97549964229125
DeepSeek-R1,peacefully,438,4801557,93.98407290799105
DeepSeek-R1,leaning,437,4801994,93.99262660002485
DeepSeek-R1,replaces,437,4802431,94.00118029205868
DeepSeek-R1,hits,436,4802867,94.0097144104265
DeepSeek-R1,behavioral,432,4803299,94.01817023413041
DeepSeek-R1,irrelevant,430,4803729,94.02658691050235
DeepSeek-R1,reinforce,430,4804159,94.03500358687428
DeepSeek-R1,mind,429,4804588,94.04340068958025
DeepSeek-R1,joy,428,4805016,94.05177821862023
DeepSeek-R1,calculated,427,4805443,94.06013617399424
DeepSeek-R1,cleanly,426,4805869,94.06847455570225
DeepSeek-R1,replaced,426,4806295,94.07681293741027
DeepSeek-R1,way,425,4806720,94.0851317454523
DeepSeek-R1,particularly,424,4807144,94.09343097982837
DeepSeek-R1,alert,424,4807568,94.10173021420441
DeepSeek-R1,lacks,423,4807991,94.1100098749145
DeepSeek-R1,surfaces,422,4808413,94.11826996195857
DeepSeek-R1,sustain,422,4808835,94.12653004900268
DeepSeek-R1,eliminating,421,4809256,94.1347705623808
DeepSeek-R1,preserving,421,4809677,94.14301107575889
DeepSeek-R1,vindicated,421,4810098,94.151251589137
DeepSeek-R1,heightening,419,4810517,94.15945295518316
DeepSeek-R1,jaw,419,4810936,94.16765432122929
DeepSeek-R1,group,417,4811353,94.1758165399435
DeepSeek-R1,manifests,416,4811769,94.18395918499169
DeepSeek-R1,clenched,415,4812184,94.19208225637392
DeepSeek-R1,confirm,414,4812598,94.20018575409016
DeepSeek-R1,dislikes,413,4813011,94.20826967814043
DeepSeek-R1,drop,413,4813424,94.21635360219068
DeepSeek-R1,unexpected,413,4813837,94.22443752624095
DeepSeek-R1,utism,412,4814249,94.23250187662524
DeepSeek-R1,influences,411,4814660,94.24054665334353
DeepSeek-R1,reinforced,410,4815070,94.24857185639584
DeepSeek-R1,weight,409,4815479,94.25657748578217
DeepSeek-R1,conflicting,408,4815887,94.26456354150254
DeepSeek-R1,plunges,407,4816294,94.27253002355691
DeepSeek-R1,prioritization,407,4816701,94.28049650561128
DeepSeek-R1,every,405,4817106,94.28842384033369
DeepSeek-R1,pressure,405,4817511,94.2963511750561
DeepSeek-R1,preventing,405,4817916,94.30427850977851
DeepSeek-R1,rectify,405,4818321,94.31220584450092
DeepSeek-R1,power,404,4818725,94.32011360555735
DeepSeek-R1,temper,403,4819128,94.3280017929478
DeepSeek-R1,zeroing,402,4819530,94.33587040667227
DeepSeek-R1,socially,402,4819932,94.34373902039674
DeepSeek-R1,prioritized,402,4820334,94.35160763412121
DeepSeek-R1,affirming,400,4820734,94.35943710051372
DeepSeek-R1,reinforcement,399,4821133,94.36724699324024
DeepSeek-R1,interaction,398,4821531,94.37503731230078
DeepSeek-R1,partially,397,4821928,94.38280805769533
DeepSeek-R1,simmering,397,4822325,94.3905788030899
DeepSeek-R1,ust,396,4822721,94.39832997481847
DeepSeek-R1,watching,396,4823117,94.40608114654707
DeepSeek-R1,cause,395,4823512,94.41381274460966
DeepSeek-R1,strict,395,4823907,94.42154434267226
DeepSeek-R1,contribute,393,4824300,94.4292367934029
DeepSeek-R1,disrupted,393,4824693,94.43692924413352
DeepSeek-R1,hey,392,4825085,94.44460212119819
DeepSeek-R1,pointless,392,4825477,94.45227499826284
DeepSeek-R1,proposed,392,4825869,94.45994787532749
DeepSeek-R1,level,390,4826259,94.46758160506018
DeepSeek-R1,secondary,390,4826649,94.47521533479288
DeepSeek-R1,prolonged,389,4827038,94.48282949085959
DeepSeek-R1,retaliate,389,4827427,94.49044364692631
DeepSeek-R1,helplessness,389,4827816,94.498057802993
DeepSeek-R1,female,388,4828204,94.50565238539373
DeepSeek-R1,rioritizing,388,4828592,94.51324696779447
DeepSeek-R1,rarely,387,4828979,94.5208219765292
DeepSeek-R1,atisfaction,385,4829364,94.52835783793199
DeepSeek-R1,helps,385,4829749,94.53589369933479
DeepSeek-R1,imperative,385,4830134,94.54342956073758
DeepSeek-R1,struggles,385,4830519,94.55096542214037
DeepSeek-R1,initially,384,4830903,94.55848170987716
DeepSeek-R1,scenario,383,4831286,94.565978423948
DeepSeek-R1,corrective,383,4831669,94.57347513801881
DeepSeek-R1,black,382,4832051,94.58095227842365
DeepSeek-R1,acceptable,381,4832432,94.58840984516252
DeepSeek-R1,dominant,380,4832812,94.59584783823539
DeepSeek-R1,ethically,380,4833192,94.60328583130827
DeepSeek-R1,profound,380,4833572,94.61072382438115
DeepSeek-R1,role,380,4833952,94.61816181745404
DeepSeek-R1,suspicion,380,4834332,94.62559981052692
DeepSeek-R1,final,379,4834711,94.63301822993381
DeepSeek-R1,provoke,379,4835090,94.64043664934071
DeepSeek-R1,jolt,378,4835468,94.64783549508162
DeepSeek-R1,efficiently,377,4835845,94.65521476715656
DeepSeek-R1,felt,376,4836221,94.66257446556551
DeepSeek-R1,boost,375,4836596,94.6699145903085
DeepSeek-R1,surprise,375,4836971,94.67725471505146
DeepSeek-R1,reasoning,375,4837346,94.68459483979443
DeepSeek-R1,extra,372,4837718,94.69187624353947
DeepSeek-R1,fits,371,4838089,94.69913807361851
DeepSeek-R1,society,371,4838460,94.70639990369756
DeepSeek-R1,exacerbates,371,4838831,94.7136617337766
DeepSeek-R1,hard,369,4839200,94.7208844165237
DeepSeek-R1,heighten,369,4839569,94.72810709927079
DeepSeek-R1,challenges,368,4839937,94.73531020835189
DeepSeek-R1,determination,367,4840304,94.74249374376701
DeepSeek-R1,loses,367,4840671,94.74967727918214
DeepSeek-R1,deeper,367,4841038,94.75686081459726
DeepSeek-R1,apathy,367,4841405,94.76404435001238
DeepSeek-R1,ambiguity,366,4841771,94.77120831176153
DeepSeek-R1,svo,366,4842137,94.77837227351067
DeepSeek-R1,unresolved,366,4842503,94.7855362352598
DeepSeek-R1,genuine,365,4842868,94.79268062334296
DeepSeek-R1,minimizes,365,4843233,94.79982501142614
DeepSeek-R1,violently,364,4843597,94.80694982584332
DeepSeek-R1,fade,364,4843961,94.81407464026049
DeepSeek-R1,insult,364,4844325,94.82119945467767
DeepSeek-R1,fixate,363,4844688,94.82830469542887
DeepSeek-R1,aggravating,362,4845050,94.83539036251408
DeepSeek-R1,arises,361,4845411,94.84245645593332
DeepSeek-R1,likely,361,4845772,94.84952254935254
DeepSeek-R1,washes,361,4846133,94.85658864277178
DeepSeek-R1,numerical,360,4846493,94.86363516252504
DeepSeek-R1,perceive,360,4846853,94.8706816822783
DeepSeek-R1,recovery,359,4847212,94.87770862836557
